tweet, sentiment_label
RT @IainLJBrown: Global Big Data Market Strategies: SAP SE, International Business Machines Corporation, Teradata Corporation ...

Read mor…, Neutral
RT @DSMeu: #Artificialintelligence is one of the most promising technologies for economic growth &amp; addressing societal challenges in the ye…, Positive
RT @am_conroy: AI is accelerating digital transformation of every industry; this free e-book, which is developer-focused, walks through bui…, Positive
RT @jblefevre60: The Fields of #ArtificialIntelligence 

#MachineLearning #NLP #DeepLearning #AI #Analytics #DL #BigData #Analytics #Neural…, Neutral
Taking Machine Learning to new heights using Docker containers https://t.co/2vHP0aBgju @CIOonline #Docker #AI… https://t.co/G9TD7X6jbY, Positive
Chinese start-up #Rokid plans to produce #AI chipsets to bolster push. #MachineLearning #BigData #Analytics  https://t.co/on5fPgC3JT, Neutral
RT @maximise_it: Still confused after our attempt to explain the different kinds of automation here https://t.co/CHlPHBtXwf @bigthink expla…, Negative
Where will #SemanticTechnology trends go in 2018? @Dataversity interviewed our CEO who pointed out how semantic kno… https://t.co/CHHeZ2hnyG, Neutral
RT @RciNext: Impressive, Speech Recognition Is Advancing At A Rapid Pace. Open Standards Are needed ; #disruption #bigdata #blockchain #Sma…, Positive
RT @IainLJBrown: California enlists data scientists in election monitoring bid

Read more here: https://t.co/Mah3jBDxMe

#DataScience #Mach…, Positive
RT @IainLJBrown: ESPERITE NV (ESP) LAUNCHS NEW AGAATA Dx, DIAGNOSTIC SYSTEM WITH MACHINE LEARNING ...

Read more here: https://t.co/MGTH4tB…, Positive
RT @VladoBotsvadze: What are the #IoT leaders talking about? #defstar5 #blockchain #AI #ML #IIoT #digitaltransformation #smartcity #robotic…, Neutral
RT @Ronald_vanLoon: #MachineLearning in #Finance – Present and Future Applications 
by @danfaggella @TechEmergence | 

Read more at https:/…, Positive
#IoT solutions by sectors [#Infographic] #AI #IoT #Cloud #Agritech #SmartHome #SmartCity #IIoT #Insurtech… https://t.co/JAz1XJ8Oor, Neutral
RT @chinhzilla: Here today: Interesting exchange on #Mobility combined with #MachineLearning https://t.co/JlO0Ouonrl, Positive
